PATENT_AUTHORITIES,COUNTRY_NAME,OBS_VALUE_sum,OBS_VALUE_mean,OBS_VALUE_std,YEAR_min,YEAR_max,YEAR_count
6F0,AND,14.51,0.6,1.57,2017,2020,24
6F0,ARE,271.49,11.31,20.93,2017,2020,24
6F0,ARG,283.76,11.35,18.11,2017,2021,25
6F0,ARM,20.25,0.84,1.66,2017,2020,24
6F0,Australia,5941.81,237.67,401.44,2017,2021,25
6F0,Austria,13909.9,556.4,876.15,2017,2021,25
6F0,BGR,302.98,12.12,20.16,2017,2021,25
6F0,BIH,10.71,0.45,1.15,2017,2020,24
6F0,BLR,59.98,2.5,5.54,2017,2020,24
6F0,BMU,2.17,0.09,0.29,2017,2020,24
6F0,Belgium,11101.23,444.05,690.06,2017,2021,25
6F0,Brazil,1689.76,67.59,113.95,2017,2021,25
6F0,CHL,305.5,12.22,19.07,2017,2021,25
6F0,COL,119.98,4.8,8.37,2017,2021,25
6F0,CRI,53.48,2.14,4.12,2017,2021,25
6F0,CUB,51.13,2.13,2.92,2017,2020,24
6F0,CYM,38.75,1.61,3.52,2017,2020,24
6F0,CYP,121.97,4.88,7.62,2017,2021,25
6F0,Canada,13247.39,529.9,895.01,2017,2021,25
6F0,China,94267.3,3770.69,6500.29,2017,2021,25
6F0,Czech Republic,1850.23,74.01,117.28,2017,2021,25
6F0,DJI,0.0,0.0,0.0,2017,2020,24
6F0,DZA,8.07,0.34,0.66,2017,2020,24
6F0,Denmark,10609.18,424.37,675.38,2017,2021,25
6F0,ECU,4.99,0.21,0.67,2017,2020,24
6F0,EGY,53.83,2.24,4.07,2017,2020,24
6F0,Estonia,299.02,11.96,19.83,2017,2021,25
6F0,European Union (27),359121.28,14364.85,22780.76,2017,2021,25
6F0,Finland,9215.0,368.6,615.54,2017,2021,25
6F0,France,59478.4,2379.14,3718.58,2017,2021,25
6F0,GEO,14.37,0.6,1.06,2017,2020,24
6F0,GTM,2.0,0.08,0.24,2017,2020,24
6F0,Germany,145830.86,5833.23,9266.5,2017,2021,25
6F0,Greece,912.29,36.49,61.49,2017,2021,25
6F0,HRV,206.09,8.24,13.44,2017,2021,25
6F0,Hong Kong,1747.13,69.89,114.78,2017,2021,25
6F0,Hungary,1431.53,57.26,91.8,2017,2021,25
6F0,IRN,43.74,1.82,3.28,2017,2020,24
6F0,ISL,198.25,7.93,13.83,2017,2021,25
6F0,India,10172.72,406.91,698.38,2017,2021,25
6F0,Indonesia,31.88,1.28,2.58,2017,2021,25
6F0,Ireland,2912.45,116.5,195.67,2017,2021,25
6F0,Israel,10240.91,409.64,683.62,2017,2021,25
6F0,Italy,33025.95,1321.04,2067.06,2017,2021,25
6F0,JAM,0.0,0.0,0.0,2017,2020,24
6F0,JOR,11.7,0.49,1.11,2017,2020,24
6F0,Japan,120577.44,4823.1,8025.08,2017,2021,25
6F0,KAZ,13.26,0.55,1.12,2017,2020,24
6F0,KEN,2.81,0.12,0.37,2017,2020,24
6F0,KWT,14.87,0.62,1.52,2017,2020,24
6F0,LBN,53.01,2.21,4.03,2017,2020,24
6F0,LIE,194.87,8.12,15.3,2017,2020,24
6F0,LKA,66.7,2.67,4.83,2017,2021,25
6F0,LUX,697.13,27.89,45.59,2017,2021,25
6F0,Latvia,166.41,6.66,10.8,2017,2021,25
6F0,Lithuania,307.93,12.32,21.55,2017,2021,25
6F0,MAR,49.37,2.06,4.01,2017,2020,24
6F0,MCO,38.68,1.61,3.31,2017,2020,24
6F0,MDA,10.15,0.42,0.92,2017,2020,24
6F0,MKD,8.42,0.35,0.87,2017,2020,24
6F0,MLT,122.56,4.9,9.13,2017,2021,25
6F0,MNG,1.74,0.07,0.22,2017,2020,24
6F0,Malaysia,373.04,14.92,25.58,2017,2021,25
6F0,Mexico,456.7,18.27,31.07,2017,2021,25
6F0,NGA,2.29,0.1,0.3,2017,2020,24
6F0,NZL,1029.73,41.19,74.81,2017,2021,25
6F0,Netherlands,25707.43,1028.3,1691.95,2017,2021,25
6F0,Norway,3425.99,137.04,224.67,2017,2021,25
6F0,OECD Total,872240.33,34889.61,56323.06,2017,2021,25
6F0,PAK,24.12,1.0,1.82,2017,2020,24
6F0,PAN,10.23,0.43,0.86,2017,2020,24
6F0,PER,26.38,1.06,2.26,2017,2021,25
6F0,PRI,31.05,1.29,2.66,2017,2020,24
6F0,PRK,17.52,0.73,1.63,2017,2020,24
6F0,Philippines,56.01,2.24,4.28,2017,2021,25
6F0,Poland,4219.61,168.78,265.78,2017,2021,25
6F0,Portugal,1581.99,63.28,103.8,2017,2021,25
6F0,ROU,651.18,26.05,43.95,2017,2021,25
6F0,Russia,1990.07,79.6,130.4,2017,2021,25
6F0,SAU,2636.35,105.45,203.37,2017,2021,25
6F0,SLV,0.0,0.0,0.0,2017,2020,24
6F0,SYC,4.0,0.17,0.48,2017,2020,24
6F0,Singapore,2728.96,109.16,181.6,2017,2021,25
6F0,Slovakia,467.81,18.71,29.23,2017,2021,25
6F0,Slovenia,1029.13,41.17,64.35,2017,2021,25
6F0,South Africa,595.86,23.83,38.88,2017,2021,25
6F0,South Korea,51203.99,2048.16,3397.56,2017,2021,25
6F0,Spain,11710.36,468.41,722.39,2017,2021,25
6F0,Sweden,21252.66,850.11,1390.03,2017,2021,25
6F0,Switzerland,24394.81,975.79,1556.69,2017,2021,25
6F0,TTO,3.33,0.14,0.49,2017,2020,24
6F0,TUN,36.74,1.53,2.77,2017,2020,24
6F0,Taiwan,10426.11,417.04,657.74,2017,2021,25
6F0,Thailand,350.53,14.02,23.93,2017,2021,25
6F0,Turkey,4223.77,168.95,288.26,2017,2021,25
6F0,UKR,184.47,7.69,13.89,2017,2020,24
6F0,URY,37.49,1.56,2.84,2017,2020,24
6F0,UZB,4.79,0.2,0.47,2017,2020,24
6F0,United Kingdom,37644.92,1505.8,2440.16,2017,2021,25
6F0,United States,241459.16,9658.37,15789.68,2017,2021,25
6F0,VEN,3.46,0.14,0.42,2017,2020,24
6F0,World Total,1003578.14,40143.13,65171.97,2017,2021,25
6F0,YUG_F,0.0,0.0,0.0,2017,2020,24
6F0,ZWE,0.83,0.03,0.11,2017,2020,24
9P50_1,AND,17.24,1.44,2.45,2017,2020,12
9P50_1,ARE,425.81,35.48,49.94,2017,2020,12
9P50_1,ARG,272.12,22.68,27.8,2017,2020,12
9P50_1,ARM,33.49,2.79,4.14,2017,2020,12
9P50_1,Australia,8288.09,690.67,866.81,2017,2020,12
9P50_1,Austria,6677.71,556.48,765.3,2017,2020,12
9P50_1,BGR,233.99,19.5,26.84,2017,2020,12
9P50_1,BIH,23.34,1.95,3.38,2017,2020,12
9P50_1,BLR,95.63,7.97,11.84,2017,2020,12
9P50_1,BMU,7.17,0.6,1.18,2017,2020,12
9P50_1,Belgium,5897.5,491.46,611.18,2017,2020,12
9P50_1,Brazil,3305.08,275.42,366.75,2017,2020,12
9P50_1,CHL,942.78,78.56,91.47,2017,2020,12
9P50_1,COL,533.87,44.49,58.9,2017,2020,12
9P50_1,CRI,70.75,5.9,8.43,2017,2020,12
9P50_1,CUB,72.69,6.06,5.31,2017,2020,12
9P50_1,CYM,50.72,4.23,5.94,2017,2020,12
9P50_1,CYP,83.61,6.97,7.67,2017,2020,12
9P50_1,Canada,13905.57,1158.8,1486.53,2017,2020,12
9P50_1,China,241102.19,20091.85,28331.77,2017,2020,12
9P50_1,Czech Republic,1012.39,84.37,114.29,2017,2020,12
9P50_1,DJI,0.0,0.0,0.0,2017,2020,12
9P50_1,DZA,44.48,3.71,5.24,2017,2020,12
9P50_1,Denmark,6422.54,535.21,664.29,2017,2020,12
9P50_1,ECU,56.02,4.67,8.58,2017,2020,12
9P50_1,EGY,209.53,17.46,21.68,2017,2020,12
9P50_1,Estonia,201.78,16.81,20.79,2017,2020,12
9P50_1,European Union (27),198387.99,16532.33,22431.99,2017,2020,12
9P50_1,Finland,5818.65,484.89,668.61,2017,2020,12
9P50_1,France,33083.58,2756.96,3679.09,2017,2020,12
9P50_1,GEO,31.78,2.65,3.58,2017,2020,12
9P50_1,GTM,7.05,0.59,0.98,2017,2020,12
9P50_1,Germany,77751.41,6479.28,9047.94,2017,2020,12
9P50_1,Greece,560.81,46.73,64.38,2017,2020,12
9P50_1,HRV,176.36,14.7,20.38,2017,2020,12
9P50_1,Hong Kong,3105.13,258.76,345.86,2017,2020,12
9P50_1,Hungary,1110.23,92.52,128.25,2017,2020,12
9P50_1,IRN,744.28,62.02,83.91,2017,2020,12
9P50_1,ISL,161.07,13.42,18.93,2017,2020,12
9P50_1,India,12532.23,1044.35,1432.1,2017,2020,12
9P50_1,Indonesia,72.8,6.07,8.72,2017,2020,12
9P50_1,Ireland,1975.13,164.59,218.7,2017,2020,12
9P50_1,Israel,10061.35,838.45,1048.06,2017,2020,12
9P50_1,Italy,15870.04,1322.5,1810.17,2017,2020,12
9P50_1,JAM,4.34,0.36,0.69,2017,2020,12
9P50_1,JOR,70.28,5.86,8.01,2017,2020,12
9P50_1,Japan,196628.51,16385.71,22867.81,2017,2020,12
9P50_1,KAZ,118.7,9.89,13.56,2017,2020,12
9P50_1,KEN,27.2,2.27,3.64,2017,2020,12
9P50_1,KWT,28.88,2.41,3.1,2017,2020,12
9P50_1,LBN,64.26,5.35,7.62,2017,2020,12
9P50_1,LIE,108.51,9.04,13.84,2017,2020,12
9P50_1,LKA,107.08,8.92,12.9,2017,2020,12
9P50_1,LUX,369.07,30.76,42.14,2017,2020,12
9P50_1,Latvia,147.91,12.33,16.63,2017,2020,12
9P50_1,Lithuania,168.54,14.05,17.07,2017,2020,12
9P50_1,MAR,174.21,14.52,21.06,2017,2020,12
9P50_1,MCO,33.01,2.75,3.99,2017,2020,12
9P50_1,MDA,24.83,2.07,2.91,2017,2020,12
9P50_1,MKD,24.33,2.03,3.13,2017,2020,12
9P50_1,MLT,88.3,7.36,10.83,2017,2020,12
9P50_1,MNG,5.1,0.43,0.6,2017,2020,12
9P50_1,Malaysia,980.97,81.75,112.53,2017,2020,12
9P50_1,Mexico,1052.21,87.68,115.19,2017,2020,12
9P50_1,NGA,11.1,0.92,1.46,2017,2020,12
9P50_1,NZL,1289.65,107.47,141.99,2017,2020,12
9P50_1,Netherlands,14548.25,1212.35,1607.8,2017,2020,12
9P50_1,Norway,3058.73,254.89,352.62,2017,2020,12
9P50_1,OECD Total,809849.34,67487.45,88907.87,2017,2020,12
9P50_1,PAK,49.23,4.1,7.31,2017,2020,12
9P50_1,PAN,173.9,14.49,40.11,2017,2020,12
9P50_1,PER,188.47,15.71,22.79,2017,2020,12
9P50_1,PRI,39.5,3.29,4.81,2017,2020,12
9P50_1,PRK,18.36,1.53,2.35,2017,2020,12
9P50_1,Philippines,127.81,10.65,14.71,2017,2020,12
9P50_1,Poland,1859.35,154.95,204.33,2017,2020,12
9P50_1,Portugal,1066.54,88.88,113.64,2017,2020,12
9P50_1,ROU,283.33,23.61,34.08,2017,2020,12
9P50_1,Russia,4944.06,412.01,545.28,2017,2020,12
9P50_1,SAU,2909.75,242.48,352.36,2017,2020,12
9P50_1,SLV,2.8,0.23,0.57,2017,2020,12
9P50_1,SYC,6.0,0.5,0.9,2017,2020,12
9P50_1,Singapore,4439.44,369.95,449.71,2017,2020,12
9P50_1,Slovakia,276.44,23.04,30.16,2017,2020,12
9P50_1,Slovenia,479.05,39.92,52.37,2017,2020,12
9P50_1,South Africa,1145.66,95.47,131.72,2017,2020,12
9P50_1,South Korea,76934.5,6411.21,8659.06,2017,2020,12
9P50_1,Spain,8123.23,676.94,855.15,2017,2020,12
9P50_1,Sweden,14102.24,1175.19,1629.9,2017,2020,12
9P50_1,Switzerland,12613.64,1051.14,1360.7,2017,2020,12
9P50_1,TTO,9.67,0.81,1.71,2017,2020,12
9P50_1,TUN,46.84,3.9,5.47,2017,2020,12
9P50_1,Taiwan,3602.93,300.24,385.53,2017,2020,12
9P50_1,Thailand,530.06,44.17,58.33,2017,2020,12
9P50_1,Turkey,6296.1,524.67,727.16,2017,2020,12
9P50_1,UKR,709.77,59.15,82.97,2017,2020,12
9P50_1,URY,44.09,3.67,5.0,2017,2020,12
9P50_1,UZB,7.93,0.66,1.14,2017,2020,12
9P50_1,United Kingdom,28318.17,2359.85,3029.32,2017,2020,12
9P50_1,United States,252171.94,21014.33,25878.47,2017,2020,12
9P50_1,VEN,7.62,0.63,1.01,2017,2020,12
9P50_1,World Total,1103381.0,91948.42,122903.46,2017,2020,12
9P50_1,YUG_F,0.0,0.0,0.0,2017,2020,12
9P50_1,ZWE,2.58,0.22,0.42,2017,2020,12
9P50_2,AND,2.7,0.23,0.58,2017,2020,12
9P50_2,ARE,32.18,2.68,4.38,2017,2020,12
9P50_2,ARG,109.25,6.43,5.88,2017,2021,17
9P50_2,ARM,3.79,0.32,0.52,2017,2020,12
9P50_2,Australia,3697.18,217.48,185.54,2017,2021,17
9P50_2,Austria,3365.51,197.97,186.77,2017,2021,17
9P50_2,BGR,63.26,3.72,3.44,2017,2021,17
9P50_2,BIH,1.0,0.08,0.29,2017,2020,12
9P50_2,BLR,8.43,0.7,1.15,2017,2020,12
9P50_2,BMU,0.33,0.03,0.06,2017,2020,12
9P50_2,Belgium,3660.87,215.35,187.28,2017,2021,17
9P50_2,Brazil,573.85,33.76,31.25,2017,2021,17
9P50_2,CHL,110.53,6.5,5.61,2017,2021,17
9P50_2,COL,64.22,3.78,3.69,2017,2021,17
9P50_2,CRI,26.95,1.59,2.07,2017,2021,17
9P50_2,CUB,34.36,2.86,2.11,2017,2020,12
9P50_2,CYM,5.33,0.44,0.71,2017,2020,12
9P50_2,CYP,23.07,1.36,1.25,2017,2021,17
9P50_2,Canada,6186.82,363.93,314.16,2017,2021,17
9P50_2,China,46995.67,2764.45,2553.23,2017,2021,17
9P50_2,Czech Republic,488.27,28.72,28.35,2017,2021,17
9P50_2,DJI,0.0,0.0,0.0,2017,2020,12
9P50_2,DZA,1.9,0.16,0.49,2017,2020,12
9P50_2,Denmark,2914.73,171.45,139.83,2017,2021,17
9P50_2,ECU,1.12,0.09,0.21,2017,2020,12
9P50_2,EGY,14.52,1.21,1.44,2017,2020,12
9P50_2,Estonia,78.9,4.64,4.44,2017,2021,17
9P50_2,European Union (27),99440.74,5849.46,5375.47,2017,2021,17
9P50_2,Finland,2807.24,165.13,152.79,2017,2021,17
9P50_2,France,17994.49,1058.5,958.51,2017,2021,17
9P50_2,GEO,4.25,0.35,0.69,2017,2020,12
9P50_2,GTM,0.0,0.0,0.0,2017,2020,12
9P50_2,Germany,38945.72,2290.92,2158.27,2017,2021,17
9P50_2,Greece,176.45,10.38,10.43,2017,2021,17
9P50_2,HRV,47.9,2.82,2.73,2017,2021,17
9P50_2,Hong Kong,272.19,16.01,15.14,2017,2021,17
9P50_2,Hungary,373.6,21.98,22.12,2017,2021,17
9P50_2,IRN,3.33,0.28,0.4,2017,2020,12
9P50_2,ISL,81.56,4.8,5.1,2017,2021,17
9P50_2,India,3673.59,216.09,200.15,2017,2021,17
9P50_2,Indonesia,28.26,1.66,1.98,2017,2021,17
9P50_2,Ireland,1210.1,71.18,66.98,2017,2021,17
9P50_2,Israel,6021.49,354.21,321.62,2017,2021,17
9P50_2,Italy,7758.81,456.4,427.31,2017,2021,17
9P50_2,JAM,0.0,0.0,0.0,2017,2020,12
9P50_2,JOR,1.35,0.11,0.2,2017,2020,12
9P50_2,Japan,153314.65,9018.51,8510.73,2017,2021,17
9P50_2,KAZ,3.08,0.26,0.56,2017,2020,12
9P50_2,KEN,1.85,0.15,0.33,2017,2020,12
9P50_2,KWT,1.8,0.15,0.32,2017,2020,12
9P50_2,LBN,6.19,0.52,1.15,2017,2020,12
9P50_2,LIE,25.73,2.14,3.5,2017,2020,12
9P50_2,LKA,40.69,2.39,3.76,2017,2021,17
9P50_2,LUX,222.5,13.09,12.07,2017,2021,17
9P50_2,Latvia,38.02,2.24,2.59,2017,2021,17
9P50_2,Lithuania,85.7,5.04,5.24,2017,2021,17
9P50_2,MAR,6.46,0.54,0.95,2017,2020,12
9P50_2,MCO,23.16,1.93,2.87,2017,2020,12
9P50_2,MDA,1.0,0.08,0.29,2017,2020,12
9P50_2,MKD,0.75,0.06,0.22,2017,2020,12
9P50_2,MLT,23.53,1.38,1.41,2017,2021,17
9P50_2,MNG,0.68,0.06,0.2,2017,2020,12
9P50_2,Malaysia,203.56,11.97,11.76,2017,2021,17
9P50_2,Mexico,187.83,11.05,9.92,2017,2021,17
9P50_2,NGA,1.0,0.08,0.29,2017,2020,12
9P50_2,NZL,590.47,34.73,32.88,2017,2021,17
9P50_2,Netherlands,7933.18,466.66,425.72,2017,2021,17
9P50_2,Norway,1125.48,66.2,61.08,2017,2021,17
9P50_2,OECD Total,459344.85,27020.29,24181.58,2017,2021,17
9P50_2,PAK,5.4,0.45,0.94,2017,2020,12
9P50_2,PAN,6.38,0.53,1.05,2017,2020,12
9P50_2,PER,6.71,0.39,0.52,2017,2021,17
9P50_2,PRI,0.0,0.0,0.0,2017,2020,12
9P50_2,PRK,1.5,0.12,0.27,2017,2020,12
9P50_2,Philippines,46.21,2.72,2.97,2017,2021,17
9P50_2,Poland,609.55,35.86,31.97,2017,2021,17
9P50_2,Portugal,348.56,20.5,18.19,2017,2021,17
9P50_2,ROU,168.87,9.93,11.23,2017,2021,17
9P50_2,Russia,1073.42,63.14,58.42,2017,2021,17
9P50_2,SAU,805.79,47.4,57.16,2017,2021,17
9P50_2,SLV,1.0,0.08,0.29,2017,2020,12
9P50_2,SYC,3.03,0.25,0.46,2017,2020,12
9P50_2,Singapore,1663.92,97.88,86.05,2017,2021,17
9P50_2,Slovakia,126.88,7.46,7.16,2017,2021,17
9P50_2,Slovenia,130.66,7.69,6.16,2017,2021,17
9P50_2,South Africa,134.84,7.93,7.26,2017,2021,17
9P50_2,South Korea,29592.56,1740.74,1571.9,2017,2021,17
9P50_2,Spain,2929.97,172.35,148.81,2017,2021,17
9P50_2,Sweden,6914.4,406.73,376.71,2017,2021,17
9P50_2,Switzerland,12134.63,713.8,646.98,2017,2021,17
9P50_2,TTO,1.0,0.08,0.29,2017,2020,12
9P50_2,TUN,0.68,0.06,0.13,2017,2020,12
9P50_2,Taiwan,5729.39,337.02,298.39,2017,2021,17
9P50_2,Thailand,192.3,11.31,10.42,2017,2021,17
9P50_2,Turkey,585.8,34.46,31.91,2017,2021,17
9P50_2,UKR,26.02,2.17,2.92,2017,2020,12
9P50_2,URY,5.73,0.48,0.81,2017,2020,12
9P50_2,UZB,2.14,0.18,0.42,2017,2020,12
9P50_2,United Kingdom,16234.77,954.99,827.62,2017,2021,17
9P50_2,United States,130275.8,7663.28,6392.69,2017,2021,17
9P50_2,VEN,0.92,0.08,0.16,2017,2020,12
9P50_2,World Total,522572.0,30739.53,27536.79,2017,2021,17
9P50_2,YUG_F,0.0,0.0,0.0,2017,2020,12
9P50_2,ZWE,1.0,0.08,0.19,2017,2020,12
9P50_3,AND,9.57,0.6,1.08,2017,2020,16
9P50_3,ARE,257.49,16.09,27.95,2017,2020,16
9P50_3,ARG,295.04,18.44,29.05,2017,2020,16
9P50_3,ARM,18.51,1.16,2.11,2017,2020,16
9P50_3,Australia,6232.96,389.56,610.14,2017,2020,16
9P50_3,Austria,7972.34,498.27,855.3,2017,2020,16
9P50_3,BGR,174.44,10.9,18.07,2017,2020,16
9P50_3,BIH,11.82,0.74,1.39,2017,2020,16
9P50_3,BLR,83.17,5.2,9.46,2017,2020,16
9P50_3,BMU,4.33,0.27,0.53,2017,2020,16
9P50_3,Belgium,6440.79,402.55,629.85,2017,2020,16
9P50_3,Brazil,1926.09,120.38,198.37,2017,2020,16
9P50_3,CHL,331.19,20.7,30.17,2017,2020,16
9P50_3,COL,196.18,12.26,20.48,2017,2020,16
9P50_3,CRI,54.29,3.39,5.92,2017,2020,16
9P50_3,CUB,54.03,3.38,3.47,2017,2020,16
9P50_3,CYM,22.92,1.43,2.53,2017,2020,16
9P50_3,CYP,57.47,3.59,4.79,2017,2020,16
9P50_3,Canada,16895.81,1055.99,1731.59,2017,2020,16
9P50_3,China,154613.66,9663.35,16430.01,2017,2020,16
9P50_3,Czech Republic,1361.35,85.08,143.36,2017,2020,16
9P50_3,DJI,3.23,0.2,0.47,2017,2020,16
9P50_3,DZA,6.98,0.44,0.76,2017,2020,16
9P50_3,Denmark,5712.16,357.01,551.62,2017,2020,16
9P50_3,ECU,9.27,0.58,1.3,2017,2020,16
9P50_3,EGY,79.24,4.95,7.63,2017,2020,16
9P50_3,Estonia,176.5,11.03,17.43,2017,2020,16
9P50_3,European Union (27),220847.61,13802.98,23371.08,2017,2020,16
9P50_3,Finland,5529.6,345.6,588.11,2017,2020,16
9P50_3,France,37545.91,2346.62,3948.69,2017,2020,16
9P50_3,GEO,12.05,0.75,1.31,2017,2020,16
9P50_3,GTM,2.92,0.18,0.31,2017,2020,16
9P50_3,Germany,97881.3,6117.58,10577.96,2017,2020,16
9P50_3,Greece,514.27,32.14,53.97,2017,2020,16
9P50_3,HRV,114.18,7.14,11.85,2017,2020,16
9P50_3,Hong Kong,1164.48,72.78,124.83,2017,2020,16
9P50_3,Hungary,870.85,54.43,94.8,2017,2020,16
9P50_3,IRN,57.25,3.58,5.51,2017,2020,16
9P50_3,ISL,116.03,7.25,12.45,2017,2020,16
9P50_3,India,10480.15,655.01,1111.19,2017,2020,16
9P50_3,Indonesia,61.87,3.87,6.72,2017,2020,16
9P50_3,Ireland,1993.3,124.58,203.75,2017,2020,16
9P50_3,Israel,9225.3,576.58,914.26,2017,2020,16
9P50_3,Italy,18803.49,1175.22,1999.56,2017,2020,16
9P50_3,JAM,3.02,0.19,0.55,2017,2020,16
9P50_3,JOR,22.01,1.38,2.33,2017,2020,16
9P50_3,Japan,264576.86,16536.05,28763.75,2017,2020,16
9P50_3,KAZ,21.8,1.36,2.42,2017,2020,16
9P50_3,KEN,12.8,0.8,1.39,2017,2020,16
9P50_3,KWT,17.63,1.1,2.64,2017,2020,16
9P50_3,LBN,43.82,2.74,4.86,2017,2020,16
9P50_3,LIE,108.64,6.79,12.56,2017,2020,16
9P50_3,LKA,45.01,2.81,4.72,2017,2020,16
9P50_3,LUX,375.47,23.47,39.75,2017,2020,16
9P50_3,Latvia,83.31,5.21,8.9,2017,2020,16
9P50_3,Lithuania,174.65,10.92,16.33,2017,2020,16
9P50_3,MAR,44.15,2.76,4.83,2017,2020,16
9P50_3,MCO,74.12,4.63,8.27,2017,2020,16
9P50_3,MDA,9.7,0.61,1.01,2017,2020,16
9P50_3,MKD,8.17,0.51,1.14,2017,2020,16
9P50_3,MLT,82.01,5.13,9.02,2017,2020,16
9P50_3,MNG,3.19,0.2,0.35,2017,2020,16
9P50_3,Malaysia,736.52,46.03,79.32,2017,2020,16
9P50_3,Mexico,830.72,51.92,90.79,2017,2020,16
9P50_3,NGA,4.37,0.27,0.67,2017,2020,16
9P50_3,NZL,889.37,55.59,89.66,2017,2020,16
9P50_3,Netherlands,12986.29,811.64,1335.89,2017,2020,16
9P50_3,Norway,2397.69,149.86,252.52,2017,2020,16
9P50_3,OECD Total,878727.99,54920.5,91543.71,2017,2020,16
9P50_3,PAK,34.69,2.17,3.22,2017,2020,16
9P50_3,PAN,17.19,1.07,2.39,2017,2020,16
9P50_3,PER,59.67,3.73,6.91,2017,2020,16
9P50_3,PRI,11.21,0.7,1.34,2017,2020,16
9P50_3,PRK,14.52,0.91,1.66,2017,2020,16
9P50_3,Philippines,185.1,11.57,20.19,2017,2020,16
9P50_3,Poland,2270.39,141.9,236.68,2017,2020,16
9P50_3,Portugal,745.99,46.62,73.81,2017,2020,16
9P50_3,ROU,344.63,21.54,37.63,2017,2020,16
9P50_3,Russia,2231.26,139.45,228.54,2017,2020,16
9P50_3,SAU,1461.46,91.34,163.66,2017,2020,16
9P50_3,SLV,1.24,0.08,0.31,2017,2020,16
9P50_3,SYC,6.23,0.39,0.81,2017,2020,16
9P50_3,Singapore,3550.67,221.92,344.7,2017,2020,16
9P50_3,Slovakia,290.68,18.17,30.18,2017,2020,16
9P50_3,Slovenia,522.64,32.66,54.25,2017,2020,16
9P50_3,South Africa,605.21,37.83,61.67,2017,2020,16
9P50_3,South Korea,98231.33,6139.46,10409.68,2017,2020,16
9P50_3,Spain,6125.97,382.87,612.51,2017,2020,16
9P50_3,Sweden,11697.63,731.1,1241.39,2017,2020,16
9P50_3,Switzerland,12708.46,794.28,1279.53,2017,2020,16
9P50_3,TTO,3.5,0.22,0.73,2017,2020,16
9P50_3,TUN,30.85,1.93,3.39,2017,2020,16
9P50_3,Taiwan,44395.22,2774.7,4757.28,2017,2020,16
9P50_3,Thailand,330.05,20.63,35.01,2017,2020,16
9P50_3,Turkey,2358.68,147.42,259.09,2017,2020,16
9P50_3,UKR,262.92,16.43,27.94,2017,2020,16
9P50_3,URY,37.74,2.36,3.74,2017,2020,16
9P50_3,UZB,4.74,0.3,0.68,2017,2020,16
9P50_3,United Kingdom,27075.78,1692.24,2721.91,2017,2020,16
9P50_3,United States,216532.46,13533.28,21244.39,2017,2020,16
9P50_3,VEN,11.85,0.74,1.36,2017,2020,16
9P50_3,World Total,1103696.0,68981.0,115243.95,2017,2020,16
9P50_3,YUG_F,1.17,0.07,0.13,2017,2020,16
9P50_3,ZWE,2.65,0.17,0.34,2017,2020,16
US50,AND,11.13,0.4,0.69,2017,2020,28
US50,ARE,871.15,31.11,53.2,2017,2020,28
US50,ARG,809.44,28.91,48.11,2017,2020,28
US50,ARM,110.99,3.96,6.91,2017,2020,28
US50,Australia,10914.68,389.81,701.71,2017,2020,28
US50,Austria,9161.23,327.19,591.48,2017,2020,28
US50,BGR,477.3,17.05,30.58,2017,2020,28
US50,BIH,9.73,0.35,0.66,2017,2020,28
US50,BLR,194.9,6.96,12.73,2017,2020,28
US50,BMU,26.5,0.95,1.76,2017,2020,28
US50,Belgium,8794.76,314.1,533.83,2017,2020,28
US50,Brazil,3766.35,134.51,235.22,2017,2020,28
US50,CHL,525.52,18.77,32.42,2017,2020,28
US50,COL,376.14,13.43,24.42,2017,2020,28
US50,CRI,306.49,10.95,18.86,2017,2020,28
US50,CUB,44.99,1.61,2.43,2017,2020,28
US50,CYM,76.3,2.73,4.97,2017,2020,28
US50,CYP,94.66,3.38,5.54,2017,2020,28
US50,Canada,45658.39,1630.66,2837.26,2017,2020,28
US50,China,193037.89,6894.21,12101.87,2017,2020,28
US50,Czech Republic,2072.59,74.02,131.44,2017,2020,28
US50,DJI,2.0,0.07,0.26,2017,2020,28
US50,DZA,10.77,0.38,0.96,2017,2020,28
US50,Denmark,7626.64,272.38,476.13,2017,2020,28
US50,ECU,26.14,0.93,1.93,2017,2020,28
US50,EGY,238.18,8.51,13.59,2017,2020,28
US50,Estonia,275.77,9.85,18.0,2017,2020,28
US50,European Union (27),260213.74,9293.35,16753.43,2017,2020,28
US50,Finland,8570.0,306.07,560.12,2017,2020,28
US50,France,41633.99,1486.93,2675.71,2017,2020,28
US50,GEO,29.28,1.05,1.74,2017,2020,28
US50,GTM,27.5,0.98,1.99,2017,2020,28
US50,Germany,106533.98,3804.79,6944.29,2017,2020,28
US50,Greece,871.88,31.14,56.15,2017,2020,28
US50,HRV,186.96,6.68,12.17,2017,2020,28
US50,Hong Kong,3245.16,115.9,198.45,2017,2020,28
US50,Hungary,1095.07,39.11,72.95,2017,2020,28
US50,IRN,776.87,27.75,43.17,2017,2020,28
US50,ISL,247.34,8.83,16.77,2017,2020,28
US50,India,41174.17,1470.51,2574.56,2017,2020,28
US50,Indonesia,79.98,2.86,5.48,2017,2020,28
US50,Ireland,5685.58,203.06,355.17,2017,2020,28
US50,Israel,27942.87,997.96,1727.4,2017,2020,28
US50,Italy,19750.28,705.37,1278.45,2017,2020,28
US50,JAM,11.0,0.39,0.89,2017,2020,28
US50,JOR,75.74,2.71,4.71,2017,2020,28
US50,Japan,326935.96,11676.28,21258.54,2017,2020,28
US50,KAZ,42.77,1.53,2.59,2017,2020,28
US50,KEN,159.67,5.7,10.49,2017,2020,28
US50,KWT,183.4,6.55,11.21,2017,2020,28
US50,LBN,129.37,4.62,8.56,2017,2020,28
US50,LIE,124.28,4.44,9.49,2017,2020,28
US50,LKA,93.69,3.35,6.4,2017,2020,28
US50,LUX,456.04,16.29,29.96,2017,2020,28
US50,Latvia,120.13,4.29,7.97,2017,2020,28
US50,Lithuania,204.44,7.3,12.08,2017,2020,28
US50,MAR,53.27,1.9,3.52,2017,2020,28
US50,MCO,80.5,2.88,6.02,2017,2020,28
US50,MDA,9.24,0.33,0.74,2017,2020,28
US50,MKD,16.0,0.57,1.37,2017,2020,28
US50,MLT,151.39,5.41,10.79,2017,2020,28
US50,MNG,12.59,0.45,0.78,2017,2020,28
US50,Malaysia,1821.84,65.07,113.57,2017,2020,28
US50,Mexico,2237.24,79.9,140.31,2017,2020,28
US50,NGA,30.95,1.11,2.02,2017,2020,28
US50,NZL,1696.01,60.57,111.23,2017,2020,28
US50,Netherlands,15299.82,546.42,962.02,2017,2020,28
US50,Norway,3696.96,132.03,246.38,2017,2020,28
US50,OECD Total,1852391.28,66156.83,114263.0,2017,2020,28
US50,PAK,186.6,6.66,11.02,2017,2020,28
US50,PAN,40.44,1.44,2.45,2017,2020,28
US50,PER,109.82,3.92,8.16,2017,2020,28
US50,PRI,12.41,0.44,1.12,2017,2020,28
US50,PRK,39.27,1.4,2.43,2017,2020,28
US50,Philippines,583.94,20.85,36.76,2017,2020,28
US50,Poland,2912.96,104.03,185.73,2017,2020,28
US50,Portugal,952.33,34.01,62.49,2017,2020,28
US50,ROU,681.86,24.35,42.97,2017,2020,28
US50,Russia,4543.78,162.28,280.45,2017,2020,28
US50,SAU,6929.62,247.49,414.77,2017,2020,28
US50,SLV,8.62,0.31,0.84,2017,2020,28
US50,SYC,11.3,0.4,0.93,2017,2020,28
US50,Singapore,7514.88,268.39,453.12,2017,2020,28
US50,Slovakia,335.37,11.98,21.45,2017,2020,28
US50,Slovenia,489.33,17.48,31.2,2017,2020,28
US50,South Africa,923.62,32.99,59.84,2017,2020,28
US50,South Korea,149511.11,5339.68,9322.14,2017,2020,28
US50,Spain,7510.61,268.24,475.31,2017,2020,28
US50,Sweden,18268.76,652.46,1204.71,2017,2020,28
US50,Switzerland,18358.17,655.65,1166.69,2017,2020,28
US50,TTO,18.22,0.65,1.75,2017,2020,28
US50,TUN,33.03,1.18,2.2,2017,2020,28
US50,Taiwan,92155.06,3291.25,5651.08,2017,2020,28
US50,Thailand,628.91,22.46,39.62,2017,2020,28
US50,Turkey,1832.56,65.45,118.53,2017,2020,28
US50,UKR,593.64,21.2,37.44,2017,2020,28
US50,URY,72.64,2.59,4.66,2017,2020,28
US50,UZB,4.2,0.15,0.32,2017,2020,28
US50,United Kingdom,44431.19,1586.83,2810.74,2017,2020,28
US50,United States,959099.12,34253.54,57592.61,2017,2020,28
US50,VEN,27.72,0.99,2.04,2017,2020,28
US50,World Total,2217439.0,79194.25,136737.44,2017,2020,28
US50,YUG_F,0.0,0.0,0.0,2017,2020,28
US50,ZWE,2.5,0.09,0.33,2017,2020,28
